value,lat,lon,desc
16,36.7104912,-81.9751892,"Abingdon, VA"
3,37.7196999,-75.6698532,"Accomac, VA"
3,34.0654297,-84.6773987,"Acworth, GA"
2,32.9590683,-96.8357849,"Addison, TX"
11,38.0331192,-78.8391495,"Afton, VA"
2,33.5616417,-81.7221375,"Aiken, SC"
2,41.0841904,-81.514061,"Akron, OH"
1,37.7668304,-122.2453003,"Alameda, CA"
2,31.580759,-84.1560135,"Albany, GA"
6,42.6515503,-73.7552109,"Albany, NY"
2,38.0228882,-78.5565414,Albemarle
9,35.0841789,-106.6486435,"Albuquerque, NM"
1,38.9780006,-77.6503372,"Aldie, VA"
1,31.3126602,-92.4456787,"Alexandria, LA"
122,38.8045998,-77.0434113,"Alexandria, VA"
1,40.9198608,-74.8423767,"Allamuchy Township, NJ"
3,40.6026001,-75.4702606,"Allentown, PA"
1,40.5609207,-79.9592667,"Allison Park, PA"
6,34.0753708,-84.294548,"Alpharetta, GA"
1,37.109169,-79.2891617,"Altavista, VA"
3,40.5071907,-78.3989029,"Altoona, PA"
1,35.2072487,-101.8338928,"Amarillo, TX"
1,37.3359604,-77.976059,"Amelia, VA"
1,40.3778305,-111.7974777,"American Fork, UT"
1,42.025341,-93.6202011,"Ames, IA"
1,42.3752594,-72.5189514,"Amherst, MA"
1,37.5851707,-79.0520172,"Amherst, VA"
1,38.6812515,-78.0059814,"Amissville, VA"
1,33.8327599,-117.9157181,"Anaheim, CA"
1,61.2175598,-149.8583832,"Anchorage, AK"
1,42.6580696,-71.1419067,"Andover, MA"
8,42.2821007,-83.7484665,"Ann Arbor, MI"
10,38.8317909,-77.1952972,"Annandale, VA"
20,38.9766693,-76.4899597,"Annapolis, MD"
1,33.6571083,-85.8194504,"Anniston, AL"
1,38.1353607,-81.0979767,"Ansted, WV"
1,44.240799,-88.4085007,"Appleton, WI"
1,34.0570107,-80.9712906,"Arcadia Lakes, SC"
1,45.0791702,-93.1582565,"Arden Hills, MN"
1,40.0073395,-75.2899704,"Ardmore, PA"
2,42.0871811,-87.9804382,"Arlington Heights, IL"
2,42.4162903,-71.1567612,"Arlington, MA"
135,38.8786812,-77.1012421,"Arlington, VA"
1,41.1194115,-73.7083817,"Armonk, NY"
1,39.0318794,-76.5063477,"Arnold, MD"
1,39.8020287,-105.0878372,"Arvada, CO"
9,39.0516281,-77.4831467,"Ashburn, VA"
1,42.6778908,-71.8202209,"Ashby, MA"
10,35.5984612,-82.5531387,"Asheville, NC"
1,42.1996689,-122.7170334,"Ashland, OR"
1,37.7588501,-77.4793396,"Ashland, VA"
1,35.5984612,-82.5531387,"Asheville, NC"
2,39.1900215,-106.8181763,"Aspen, CO"
1,35.4886894,-120.6690598,"Atascadero, CA"
1,34.8045006,-86.971283,"Athens, AL"
12,33.9581299,-83.3732529,"Athens, GA"
1,42.2597084,-73.8092499,"Athens, NY"
203,33.7483101,-84.3911133,"Atlanta, GA"
1,39.3628082,-74.4265213,"Atlantic City, NJ"
1,38.8961983,-121.0788727,"Auburn, CA"
1,34.0188904,-83.8342819,"Auburn, GA"
1,47.3073997,-122.2304077,"Auburn, WA"
1,44.3631516,-69.6363907,"Augusta, ME"
1,39.7093201,-104.8145828,"Aurora, CO"
68,30.2675896,-97.7429886,"Austin, TX"
1,39.0949402,-74.7237701,"Avalon, NJ"
1,26.3365707,-81.4380722,"Ave Maria, FL"
1,42.1297913,-71.0391998,"Avon, MA"
2,36.6602097,-79.7116699,"Axton, VA"
1,37.7737999,-77.1117477,"Aylett, VA"
1,36.8261719,-107.9927063,"Aztec, NM"
1,47.6269302,-122.5210037,"Bainbridge Island, WA"
2,35.3669586,-119.0188599,"Bakersfield, CA"
1,40.0139351,-75.2324142,"Bala Cynwyd, PA"
1,42.9342308,-73.8594666,"Ballston Lake, NY"
76,39.2905807,-76.6092606,"Baltimore, MD"
1,46.5348206,-89.1794281,"Baltimore, MI"
1,44.8017082,-68.7707672,"Bangor, ME"
1,36.1632385,-81.8720779,"Banner Elk, NC"
2,44.3893509,-68.2074203,"Bar Harbor, ME"
1,41.0120316,-81.6106873,"Barberton, OH"
1,38.1705399,-78.279892,"Barboursville, VA"
1,39.7567902,-74.1092606,"Barnegat Light, NJ"
1,41.7019386,-70.3044205,"Barnstable, MA"
6,40.7061386,-74.5481491,"Basking Ridge, NJ"
1,36.7597618,-79.9897079,"Bassett, VA"
1,39.0785904,-84.1794128,"Batavia, OH"
1,42.3376999,-77.3178864,"Bath, NY"
5,30.4433403,-91.1869888,"Baton Rouge, LA"
1,40.0707092,-74.0467377,"Bay Head, NJ"
1,41.486351,-81.5028992,"Beachwood, OH"
1,38.57547,-77.7645111,"Bealeton, VA"
1,34.7191887,-76.6600571,"Beaufort, NC"
1,32.4311905,-80.6699295,"Beaufort, SC"
1,30.0861492,-94.1015778,"Beaumont, TX"
1,37.9400101,-77.6518707,"Beaverdam, VA"
1,37.7775917,-81.1876373,"Beckley, WV"
2,42.49189,-71.2814713,"Bedford, MA"
2,41.2080917,-73.6437912,"Bedford, NY"
5,37.3342781,-79.5229034,"Bedford, VA"
1,40.6827812,-74.6479111,"Bedminster, NJ"
1,39.5389404,-76.3484802,"Bel Air, MD"
1,38.7853012,-77.0633926,"Bellehaven, VA"
2,40.9116592,-77.77771,"Bellefonte, PA"
5,47.6100197,-122.187851,"Bellevue, WA"
2,48.7523499,-122.4712219,"Bellingham, WA"
2,37.5183411,-122.276207,"Belmont, CA"
2,42.3962593,-71.1770096,"Belmont, MA"
1,35.2442017,-81.0380173,"Belmont, NC"
1,39.0351715,-76.9190979,"Beltsville, MD"
2,47.4731407,-94.8796463,"Bemidji, MN"
2,44.0573883,-121.3158112,"Bend, OR"
1,38.0528488,-122.153511,"Benicia, CA"
1,40.1106186,-74.9439392,"Bensalem Township, PA"
1,36.3723183,-94.2096176,"Bentonville, AR"
3,37.570179,-84.2929611,"Berea, KY"
2,37.8698807,-122.2705383,"Berkeley, CA"
1,40.7155685,-74.5746613,"Bernardsville, NJ"
2,39.1513786,-77.9829102,"Berryville, VA"
1,38.0138512,-121.6407089,"Bethel Island, CA"
40,38.9863701,-77.0969162,"Bethesda, MD"
4,40.6310196,-75.3777771,"Bethlehem, PA"
1,34.0734787,-118.4003372,"Beverly Hills, CA"
1,42.5477409,-70.8789825,"Beverly, MA"
1,30.3943806,-88.8963776,"Biloxi, MS"
1,43.2501907,-83.7817001,"Birch Run, MI"
24,33.5206795,-86.8117599,"Birmingham, AL"
10,37.2262611,-80.4105835,"Blacksburg, VA"
2,37.0827103,-77.9954834,"Blackstone, VA"
1,37.1339684,-81.1302872,Bland
1,41.0599098,-73.9574432,"Blauvelt, NY"
1,42.5782318,-83.2810287,"Bloomfield Township, MI"
2,39.1665916,-86.5342407,"Bloomington, IN"
1,41.0045891,-76.453331,"Bloomsburg, PA"
2,36.1175003,-81.6595001,"Blowing Rock, NC"
1,37.3813515,-79.8037109,"Blue Ridge, VA"
1,37.2679787,-81.2226181,"Bluefield, WV"
1,39.1094208,-77.8303604,"Bluemont, VA"
3,26.3504906,-80.0889969,"Boca Raton, FL"
1,40.7657204,-73.1011124,"Bohemia, NY"
5,43.6069794,-116.1934128,"Boise, ID"
2,36.2203598,-81.6869583,"Boone, NC"
1,40.9019203,-74.4074173,"Boonton, NJ"
97,42.3586617,-71.0567398,"Boston, MA"
22,40.0157394,-105.2792435,"Boulder, CO"
1,38.9609718,-76.7404709,"Bowie, MD"
1,36.9946213,-86.4455795,"Bowling Green, KY"
2,38.0518303,-77.3477173,"Bowling Green, VA"
1,39.1854706,-77.3152313,"Boyds, MD"
1,45.6793213,-111.0331802,"Bozeman, MT"
4,27.4955006,-82.5780716,"Bradenton, FL"
1,42.770649,-71.0754318,"Bradford, MA"
1,27.9401703,-82.32547,"Brandon, FL"
1,42.8540611,-72.5588837,"Brattleboro, VT"
1,36.0325584,-86.7891617,"Brentwood, TN"
1,35.2342682,-82.7339096,"Brevard, NC"
1,41.7590103,-70.0662384,"Brewster, MA"
2,41.181881,-73.1912689,"Bridgeport, CT"
2,39.4294701,-75.2340622,"Bridgeton, NJ"
1,43.6384583,-71.7369003,"Bridgewater, NH"
1,40.5928802,-74.6250992,"Bridgewater, NJ"
1,43.1260986,-77.5748062,"Brighton, NY"
1,37.6868401,-122.4020767,"Brisbane, CA"
3,36.5919304,-82.2212677,"Bristol, TN"
1,36.5985413,-82.1807938,"Bristol, VA"
2,38.1931992,-79.4191971,"Broadway, VA"
1,40.8372917,-73.8860092,"Bronx, NY"
1,44.2659302,-68.5699615,"Brooklin, ME"
1,42.3334694,-71.1204681,"Brookline, MA"
14,40.6924515,-73.9903564,"Brooklyn, NY"
1,37.0520287,-78.9466171,"Brookneal, VA"
2,39.9208603,-105.0705795,"Broomfield, CO"
1,25.8995705,-97.4954987,"Brownsville, TX"
2,39.6589584,-79.6385193,"Bruceton Mills, WV"
3,43.9139519,-69.9677811,"Brunswick, ME"
2,40.0314102,-75.3154068,"Bryn Mawr, PA"
3,39.3312607,-77.4326782,"Buckeystown, MD"
1,40.3254318,-75.0585709,"Buckingham, PA"
1,42.1679916,-87.9619141,"Buffalo Grove, IL"
1,39.9333992,-78.6457977,"Buffalo Mills, PA"
1,34.1192589,-84.0059967,"Buford, GA"
1,39.3361511,-78.052803,"Bunker Hill, WV"
5,34.1816483,-118.3079376,"Burbank, CA"
4,38.7932281,-77.2722778,"Burke, VA"
2,37.5802689,-122.3506622,"Burlingame, CA"
2,42.5058212,-71.1937637,"Burlington, MA"
1,42.7243118,-75.1178284,"Burlington, NY"
5,36.096859,-79.437912,"Burlington, NC"
1,44.4759216,-73.2132263,"Burlington, VT"
1,39.1078987,-76.9376602,"Burtonsville, MD"
1,35.2627411,-75.5675812,"Buxton, NC"
1,38.9745789,-77.162117,"Cabin John, MD"
2,34.1522598,-118.6938019,"Calabasas, CA"
1,40.7169914,-74.8375092,"Califon, NJ"
13,42.3667908,-71.1060104,"Cambridge, MA"
1,39.9452515,-75.119133,"Camden, NJ"
1,37.2884789,-121.9448624,"Campbell, CA"
1,37.01157,-95.9319611,"Caney, KS"
2,34.2362518,-84.4873276,"Canton, GA"
1,32.6125908,-90.0347824,"Canton, MS"
1,44.5999413,-75.1698303,"Canton, NY"
1,40.7978096,-81.3715668,"Canton, OH"
3,37.2671318,-76.0170288,"Cape Charles, VA"
2,33.8249817,-111.9225311,"Carefree, AZ"
1,40.7483788,-73.6177521,"Carle Place, NY"
2,40.2011909,-77.1891708,"Carlisle, PA"
2,36.5544281,-121.9244232,"Carmel, CA"
1,34.0331306,-77.8943787,"Carolina Beach, NC"
1,40.5732117,-81.0868607,"Carrollton, OH"
1,39.1648788,-119.7669678,"Carson City, NV"
1,34.1651688,-84.7957001,"Cartersville, GA"
1,37.6674309,-78.0860214,"Cartersville, VA"
1,42.2043495,-88.2543869,"Cary, IL"
10,35.7897491,-78.7811584,"Cary, NC"
1,39.27034,-76.7392731,"Catonsville, MD"
1,36.1704712,-79.1508484,"Cedar Grove, NC"
1,35.1454506,-82.6441422,"Cedar Mountain, NC"
1,41.9763412,-91.6737595,"Cedar Rapids, IA"
1,39.5951309,-104.8988419,"Centennial, CO"
1,39.8177414,-84.9939423,"Centerville, IN"
4,38.83741,-77.4432678,"Centreville, VA"
1,34.048912,-118.4246674,"Century City, CA"
1,39.8691292,-75.5899582,"Chadds Ford Township, PA"
1,44.5048409,-114.2368164,"Challis, ID"
3,39.9374313,-77.6607513,"Chambersburg, PA"
5,40.1142006,-88.2434998,"Champaign, IL"
16,38.8835983,-77.4397507,"Chantilly, VA"
23,35.9274521,-79.0392685,"Chapel Hill, NC"
33,32.7811508,-79.9316025,"Charleston, SC"
5,38.3501396,-81.6389313,"Charleston, WV"
2,38.4441605,-85.6553879,"Charlestown, IN"
79,35.2228584,-80.8379593,"Charlotte, NC"
675,38.0321312,-78.4775314,"Charlottesville, VA"
1,36.7988091,-78.4603119,"Chase City, VA"
1,44.7871895,-93.6018219,"Chaska, MN"
1,40.7379303,-74.3844528,"Chatham, NJ"
2,36.8254395,-79.3982697,"Chatham, VA"
1,34.2570801,-118.5977173,"Chatsworth, CA"
1,34.7667999,-84.769577,"Chatsworth, GA"
8,35.0464401,-85.3094635,"Chattanooga, TN"
2,43.7405815,-70.1201401,"Chebeague Island, ME"
1,42.3184586,-84.0192566,"Chelsea, MI"
3,39.9097252,-74.9870987,"Cherry Hill, NJ"
16,36.7142906,-76.2478409,"Chesapeake, VA"
1,41.3614883,-74.2736206,"Chester, NY"
2,37.3573914,-77.4426575,"Chester, VA"
1,37.3785019,-77.585907,Chesterfield
8,37.3785019,-77.585907,Chesterfield
1,41.5242119,-81.3379364,"Chesterland, OH"
9,38.971199,-77.0764008,"Chevy Chase, MD"
1,41.1348114,-104.8215408,"Cheyenne, WY"
82,41.8842506,-87.6324463,"Chicago, IL"
1,29.47826,-82.8596802,"Chiefland, FL"
1,37.9347687,-75.3749695,"Chincoteague, VA"
2,37.9347687,-75.3749695,"Chincoteague, VA"
3,37.1301384,-80.4084091,"Christiansburg, VA"
24,39.1071281,-84.5041275,"Cincinnati, OH"
1,39.9987984,-74.9946136,"Cinnaminson Township, NJ"
1,38.8866539,-77.0931549,"Clarendon, VA"
1,35.4716988,-93.4663696,"Clarksville, AR"
1,37.9428406,-121.9372482,"Clayton, CA"
6,27.96558,-82.7997513,"Clearwater, FL"
14,41.5047493,-81.6907196,"Cleveland, OH"
1,35.1601791,-84.8753204,"Cleveland, TN"
1,40.8209,-73.9882965,"Cliffside Park, NJ"
1,40.8656311,-74.1602478,"Clifton, NJ"
2,32.3376503,-90.3294296,"Clinton, MS"
2,36.1007195,-84.1331024,"Clinton, TN"
3,37.1487312,-82.4596481,"Clintwood, VA"
1,40.9711418,-73.9595108,"Closter, NJ"
1,34.4052315,-103.2053375,"Clovis, NM"
1,39.4883003,-76.6538086,"Cockeysville, MD"
1,36.9431801,-82.4629211,"Coeburn, VA"
4,38.9807205,-76.9372711,"College Park, MD"
2,30.6205406,-96.3258972,"College Station, TX"
1,37.2539482,-77.4111328,"Colonial Heights, VA"
8,38.8334312,-104.8218079,"Colorado Springs, CO"
13,39.2091599,-76.8673096,"Columbia, MD"
3,38.9522095,-92.3341522,"Columbia, MO"
18,33.9988213,-81.045372,"Columbia, SC"
1,39.9619904,-83.0027466,"Columbus, OH"
2,32.4629211,-84.9875717,"Columbus, GA"
1,33.4950294,-88.4288025,"Columbus, MS"
23,39.9619904,-83.0027466,"Columbus, OH"
2,37.9816513,-122.0258331,"Concord, CA"
3,42.46101,-71.3490524,"Concord, MA"
3,43.2072487,-71.5365982,"Concord, NH"
1,35.4099693,-80.5806808,"Concord, NC"
1,40.0792885,-75.3009491,"Conshohocken, PA"
1,35.0908089,-92.4402313,"Conway, AR"
1,43.3679504,-124.2196426,"Coos Bay, OR"
2,25.7492294,-80.2629471,"Coral Gables, FL"
2,42.1403809,-77.0302887,"Corning, NY"
1,36.3794594,-75.8302917,"Corolla, NC"
1,32.6761894,-117.1708908,"Coronado, CA"
2,42.6034889,-76.1748199,"Cortland, NY"
3,44.5650406,-123.2635269,"Corvallis, OR"
3,33.6638794,-117.9029999,"Costa Mesa, CA"
1,37.7935295,-79.995903,"Covington, VA"
1,40.9415092,-73.9599609,"Cresskill, NJ"
1,38.1537094,-78.842453,"Crimora, VA"
3,38.0696487,-78.7006912,"Crozet, VA"
1,38.2206612,-90.3777084,"Crystal City, MO"
1,28.9001503,-82.5930862,"Crystal River, FL"
1,38.0631714,-91.4036179,"Cuba, MO"
6,38.4733315,-77.9961395,"Culpeper, VA"
4,34.0216103,-118.3962097,"Culver City, CA"
2,34.2035713,-84.1399384,"Cumming, GA"
5,37.3189583,-122.0292816,"Cupertino, CA"
1,33.9889183,-83.8991165,"Dacula, GA"
1,35.3160095,-81.1758728,"Dallas, NC"
62,32.7781487,-96.7954025,"Dallas, TX"
2,36.6353798,-81.7904434,"Damascus, VA"
8,36.5859795,-79.4171982,"Danville, VA"
4,41.065361,-73.4824219,"Darien, CT"
1,35.4977913,-80.8494568,"Davidson, NC"
1,39.1287003,-79.4657135,"Davis, WV"
1,40.374691,-74.5101471,"Dayton, NJ"
3,39.7591095,-84.1944427,"Dayton, OH"
1,44.4489517,-88.0598679,"De Pere, WI"
1,42.3220901,-83.176239,"Dearborn, MI"
1,34.607399,-86.9797897,"Decatur, AL"
2,33.7742615,-84.2965927,"Decatur, GA"
1,42.2466011,-71.1737671,"Dedham, MA"
1,26.3200397,-80.0997925,"Deerfield Beach, FL"
1,42.1497993,-87.836998,"Deerfield, IL"
1,32.9548912,-117.2634811,"Del Mar, CA"
1,42.7489891,-74.185791,"Delanson, NY"
1,38.9151001,-77.9203033,"Delaplane, VA"
2,26.4643593,-80.0741806,"Delray Beach, FL"
2,37.555069,-76.3272095,"Deltaville, VA"
49,39.7400093,-104.9923019,"Denver, CO"
3,41.5897598,-93.6156464,"Des Moines, IA"
4,42.3316803,-83.0479965,"Detroit, MI"
1,40.0456314,-75.4238205,"Devon, PA"
2,38.4455185,-121.81707,"Dixon, CA"
1,41.0151901,-73.8748932,"Dobbs Ferry, NY"
1,39.1580315,-75.5247269,"Dover, DE"
1,40.104969,-83.1330872,"Dublin, OH"
1,37.1051102,-80.6867294,"Dublin, VA"
2,36.1700783,-75.7558517,"Duck, NC"
1,34.0036507,-84.14534,"Duluth, GA"
1,38.5672417,-77.3272095,"Dumfries, VA"
1,38.8955116,-77.2251587,"Dunn Loring, VA"
1,37.2736702,-107.879303,"Durango, CO"
26,35.9954185,-78.8964386,"Durham, NC"
1,44.8180809,-93.16716,"Eagan, MN"
3,38.1539917,-78.4808884,"Earlysville, VA"
1,41.7690582,-72.643959,"East Hartford, CT"
1,42.7374992,-84.4837799,"East Lansing, MI"
1,40.6688652,-73.8871307,"East New York, NY"
1,40.7609901,-74.2099075,"East Orange, NJ"
1,38.7738991,-76.0747528,"Easton, MD"
3,37.3502502,-75.9385834,"Eastville, VA"
1,42.5114288,-84.6558304,"Eaton Rapids, MI"
2,44.8586617,-93.4601288,"Eden Prairie, MN"
1,36.5023613,-79.7433929,"Eden, NC"
1,41.3908806,-70.5206528,"Edgartown, MA"
2,38.8213615,-78.5624313,"Edinburg, VA"
5,40.5045013,-74.3470001,"Edison, NJ"
1,31.7591591,-106.4874878,"El Paso, TX"
2,33.9199219,-118.4159622,"El Segundo, CA"
3,36.3014984,-76.2197571,"Elizabeth City, NC"
2,40.6635094,-74.2114563,"Elizabeth, NJ"
1,36.3513908,-82.2162781,"Elizabethton, TN"
1,34.6282196,-78.6060333,"Elizabethtown, NC"
1,42.0032387,-88.0091934,"Elk Grove Village, IL"
1,38.4090195,-121.3651428,"Elk Grove, CA"
1,38.9240189,-79.8444901,"Elkins, WV"
1,39.2060814,-76.728363,"Elkridge, MD"
1,38.5139008,-77.8526917,"Elkwood, VA"
4,39.2687302,-76.7994308,"Ellicott City, MD"
2,39.2687302,-76.7994308,"Ellicott City, MD"
1,39.2687302,-76.7994308,"Ellicott City, MD"
3,37.8371696,-122.3017502,"Emeryville, CA"
1,40.5349808,-75.4911804,"Emmaus, PA"
3,34.1572647,-118.4999008,"Encino, CA"
2,26.9504204,-82.353157,"Englewood, FL"
1,40.0373726,-105.0389481,"Erie, CO"
1,42.1294403,-80.0852432,"Erie, PA"
1,37.8289795,-78.6077194,"Esmont, VA"
1,41.3531189,-72.3906403,"Essex, CT"
1,44.0499191,-123.0885391,"Eugene, OR"
1,30.4921494,-92.4151688,"Eunice, LA"
4,42.0570183,-87.6864471,"Evanston, IL"
3,47.9765892,-122.2059326,"Everett, WA"
1,31.4337502,-86.9550705,"Evergreen, AL"
1,39.8863411,-74.908432,"Evesham Township, NJ"
1,40.2699089,-74.7998886,"Ewing, NJ"
1,37.5317612,-75.8228073,"Exmore, VA"
1,40.0280495,-75.6289825,"Exton, PA"
1,37.8293304,-78.7364273,"Faber, VA"
1,41.5656586,-75.7838821,"Factoryville, PA"
129,38.8417892,-77.3088684,"Fairfax, VA"
1,38.2492294,-122.0438766,"Fairfield, CA"
2,41.1658096,-73.2296219,"Fairfield, CT"
1,40.8800316,-74.2895126,"Fairfield, NJ"
1,35.1157684,-78.1358109,"Faison, NC"
29,38.8854904,-77.1736221,"Falls Church, VA"
2,43.7237015,-70.2322998,"Falmouth, ME"
2,42.4845581,-83.3634033,"Farmington Hills, MI"
1,41.7121201,-72.8385696,"Farmington, CT"
1,37.3098984,-78.3873978,"Farmville, VA"
1,36.0632019,-94.1579132,"Fayetteville, AR"
1,33.4486504,-84.4545593,"Fayetteville, GA"
4,35.0544891,-78.8775787,"Fayetteville, NC"
1,38.0525513,-81.1033936,"Fayetteville, WV"
1,38.4580612,-75.0521622,"Fenwick Island, DE"
1,39.6011314,-119.2464828,"Fernley, NV"
2,37.4996681,-79.8724213,"Fincastle, VA"
1,41.2580986,-72.0242615,"Fishers Island, NY"
5,38.0995903,-78.9701614,"Fishersville, VA"
1,42.5817604,-71.7922592,"Fitchburg, MA"
1,30.1030998,-81.7076035,"Fleming Island, FL"
4,34.1936302,-79.7690582,"Florence, SC"
1,41.3314095,-74.3566666,"Florida, NY"
1,32.3119507,-90.1397934,"Flowood, MS"
1,36.9315987,-80.3624115,Floyd
1,37.7628593,-78.2626038,"Fork Union, VA"
1,38.6882515,-77.1356506,"Fort Belvoir, VA"
1,39.4461288,-123.8059235,"Fort Bragg, CA"
6,40.5814705,-105.0762634,"Fort Collins, CO"
7,26.1236706,-80.1435623,"Fort Lauderdale, FL"
1,40.8527718,-73.9733505,"Fort Lee, NJ"
2,35.0066719,-80.943161,"Fort Mill, SC"
3,26.6408405,-81.8680801,"Fort Myers, FL"
2,35.3846016,-94.4213028,"Fort Smith, AR"
1,39.08078,-84.4489136,"Fort Thomas, KY"
2,38.73946,-77.0015335,"Fort Washington, MD"
4,32.7509499,-97.3308563,"Fort Worth, TX"
3,37.5611382,-122.2688828,"Foster City, CA"
1,39.5876999,-104.7791214,"Foxfield, CO"
3,42.279789,-71.4163513,"Framingham, MA"
1,42.9844704,-71.8082275,"Francestown, NH"
2,41.1571808,-74.7419434,"Frankford Township, NJ"
2,38.1950684,-84.8786926,"Frankfort, KY"
3,35.9242516,-86.8709335,"Franklin, TN"
1,42.5379791,-82.9496536,"Fraser, MI"
5,39.415741,-77.4120331,"Frederick, MD"
24,38.3008919,-77.459137,"Fredericksburg, VA"
3,37.5509109,-121.9821701,"Fremont, CA"
2,29.5300102,-95.2002411,"Friendswood, TX"
1,33.1504898,-96.8346405,"Frisco, TX"
8,38.9175301,-78.1935196,"Front Royal, VA"
1,30.4042301,-86.6151505,"Fort Walton Beach, FL"
1,32.7509499,-97.3308563,"Fort Worth, TX"
3,26.1236706,-80.1435623,"Fort Lauderdale, FL"
1,33.8703194,-117.9291,"Fullerton, CA"
1,35.5853806,-78.7998276,"Fuquay-Varina, NC"
5,29.6519508,-82.3231812,"Gainesville, FL"
1,33.6242714,-97.1430206,"Gainesville, TX"
2,38.7957497,-77.6135406,"Gainesville, VA"
9,39.1398582,-77.1938171,"Gaithersburg, MD"
2,36.6659584,-80.9265366,"Galax, VA"
1,40.9469109,-90.3646622,"Galesburg, IL"
1,38.8083115,-82.2057877,"Gallipolis, OH"
2,29.2953205,-94.8079071,"Galveston, TX"
1,40.7263412,-73.6355896,"Garden City, NY"
1,35.7063599,-78.6228867,"Garner, NC"
1,45.4358711,-123.1395416,"Gaston, OR"
1,30.6379108,-97.6770096,"Georgetown, TX"
5,39.1821785,-77.2700424,"Germantown, MD"
1,47.3279991,-122.580368,"Gig Harbor, WA"
3,43.5466614,-71.4085617,"Gilford, NH"
1,41.7123413,-72.60495,"Glastonbury, CT"
3,37.6653099,-77.5041504,"Glen Allen, VA"
2,39.1617889,-76.6218491,"Glen Burnie, MD"
1,38.3627892,-122.5246964,"Glen Ellen, CA"
1,37.9287415,-81.1560287,"Glen Jean, WV"
2,34.1463318,-118.248642,"Glendale, CA"
1,39.8397713,-75.0746918,"Glendora, NJ"
1,39.2666092,-76.986702,"Glenelg, MD"
1,42.0774498,-87.7985687,"Glenview, IL"
4,37.4012108,-76.5229721,Gloucester
3,39.756649,-105.2249527,"Golden, CO"
1,37.7219582,-77.9164124,Goochland
4,37.7219582,-77.9164124,Goochland
4,38.1413918,-78.1890564,"Gordonsville, VA"
1,41.4068298,-74.3165665,"Goshen, NY"
1,42.9274902,-83.6301575,"Grand Blanc, MI"
1,43.0629501,-86.2259979,"Grand Haven, MI"
1,32.7476997,-97.0072021,"Grand Prairie, TX"
1,42.9664116,-85.6711807,"Grand Rapids, MI"
2,32.9394302,-97.078392,"Grapevine, TX"
1,42.1961517,-73.3610916,"Great Barrington, MA"
1,36.682106,-76.247345,"Great Bridge, VA"
1,47.5071411,-111.3060684,"Great Falls, MT"
6,38.9972305,-77.2883911,"Great Falls, VA"
1,44.5127907,-88.0101624,"Green Bay, WI"
1,42.2765388,-74.122673,Greene
26,36.0689888,-79.7947006,"Greensboro, NC"
1,43.1780014,-85.2531891,"Greenville, MI"
3,35.6072006,-77.3802338,"Greenville, NC"
9,34.8482704,-82.4001083,"Greenville, SC"
9,41.0642509,-73.6397705,"Greenwich, CT"
2,39.609169,-104.904007,"Greenwood Village, CO"
1,34.19104,-82.1607437,"Greenwood, SC"
3,36.8829918,-76.2388611,"Greenwood, VA"
2,33.2471008,-84.2634583,"Griffin, GA"
1,42.6085281,-71.5716629,"Groton, MA"
1,37.2809715,-82.1029282,"Grundy, VA"
1,41.4804802,-72.5159912,"Haddam, CT"
1,39.6425018,-77.7175827,"Hagerstown, MD"
1,43.5210686,-114.3164368,"Hailey, ID"
2,36.7673683,-78.9368515,"Halifax, VA"
2,42.7401199,-78.8251724,"Hamburg, NY"
1,41.3839684,-72.9017029,"Hamden, CT"
1,40.2303581,-74.7238617,"Hamilton Township, NJ"
1,34.8933983,-79.7008667,"Hamlet, NC"
2,36.9555435,-76.377861,"Hampton Roads, VA"
14,37.0277901,-76.3451233,"Hampton, VA"
3,37.7601204,-77.4908829,Hanover
2,43.7004585,-72.2894974,"Hanover, NH"
1,39.8007393,-76.9828568,"Hanover, PA"
4,40.2599297,-76.8823395,"Harrisburg, PA"
31,38.4515305,-78.8690414,"Harrisonburg, VA"
5,41.7634888,-72.6740189,"Hartford, CT"
1,34.3750191,-80.0737534,"Hartsville, SC"
1,41.6683617,-70.0810089,"Harwich Port, MA"
1,31.306818,-89.3159866,"Hattiesburg, MS"
1,40.8251419,-73.203598,"Hauppauge, NY"
1,40.0139885,-75.3031921,"Haverford, PA"
2,42.7775993,-71.0765381,"Haverhill, MA"
1,40.9608192,-73.9921188,"Haworth, NJ"
5,38.8124008,-77.6369324,"Haymarket, VA"
1,40.9546509,-75.9762802,"Hazleton, PA"
3,38.6106415,-122.8688278,"Healdsburg, CA"
1,40.03545,-82.4322586,"Heath, OH"
1,39.9618111,-82.4899673,"Hebron, OH"
1,40.7100906,-73.6219864,"Hempstead, NY"
2,36.0308189,-114.9810867,"Henderson, NV"
2,35.3155708,-82.4586563,"Hendersonville, NC"
7,37.5539894,-77.3455124,"Henrico, VA"
1,33.8640404,-118.3953476,"Hermosa Beach, CA"
40,38.9696884,-77.3855515,"Herndon, VA"
1,40.2853813,-76.6509094,"Hershey, PA"
1,35.7349091,-81.3356018,"Hickory, NC"
2,35.9546814,-80.0050812,"High Point, NC"
1,36.07621,-79.0994415,"Hillsborough, NC"
2,32.1548195,-80.7622375,"Hilton Head Island, SC"
3,32.1548195,-80.7622375,"Hilton Head Island, SC"
4,31.8510494,-81.583847,"Hinesville, GA"
1,41.8036804,-87.9274826,"Hinsdale, IL"
2,37.674839,-80.8882599,"Hinton, WV"
2,40.7371597,-74.0309677,"Hoboken, NJ"
2,39.7871895,-75.6908035,"Hockessin, DE"
1,31.0368996,-82.746582,"Homerville, GA"
1,25.4762306,-80.4656525,"Homestead, FL"
1,41.572979,-75.2560272,"Honesdale, PA"
10,21.3048496,-157.8577576,"Honolulu, HI"
1,45.7088509,-121.5107269,"Hood River, OR"
1,33.3879089,-86.8060303,"Hoover, AL"
1,42.2287598,-71.5203781,"Hopkinton, MA"
2,34.5094414,-93.0522232,"Hot Springs, AR"
1,29.5973301,-90.7191315,"Houma, LA"
69,29.7604504,-95.3697815,"Houston, TX"
1,42.6054382,-83.9249115,"Howell, MI"
1,39.8622589,-84.127037,"Huber Heights, OH"
1,42.2528191,-73.7914276,"Hudson, NY"
5,41.2428207,-81.4403915,"Hudson, OH"
2,39.4943504,-76.6589584,"Hunt Valley, MD"
4,40.4846687,-78.0113907,"Huntingdon, PA"
1,33.6788902,-118.0015717,"Huntington Beach, CA"
3,40.8743782,-73.4195099,"Huntington, NY"
8,38.4198189,-82.4453735,"Huntington, WV"
8,34.7291298,-86.5849762,"Huntsville, AL"
2,38.9525909,-76.94207,"Hyattsville, MD"
1,43.4920006,-112.0419922,"Idaho Falls, ID"
1,39.228199,-119.9509964,"Incline Village-Crystal Bay, NV"
2,44.8511581,-123.1871033,"Independence, OR"
1,36.6223984,-81.1509018,"Independence, VA"
1,28.0906906,-80.5697174,"Indialantic, FL"
18,39.7669106,-86.1499634,"Indianapolis, IN"
8,33.6872406,-117.8258209,"Irvine, CA"
3,32.8135109,-96.9554977,"Irving, TX"
1,41.0391808,-73.8678665,"Irvington, NY"
2,37.6620789,-76.4192505,"Irvington, VA"
4,42.4405098,-76.4954605,"Ithaca, NY"
1,43.5869904,-110.8275375,"Jackson Hole, WY"
6,32.2986908,-90.1804886,"Jackson, MS"
4,43.4797096,-110.7623215,"Jackson, WY"
2,30.2887001,-81.3917923,"Jacksonville Beach, FL"
19,30.3314705,-81.6562195,"Jacksonville, FL"
1,40.7241325,-73.7668152,"Jamaica Estates, NY"
1,42.0960503,-79.2378006,"Jamestown, NY"
1,35.9968185,-79.9348602,"Jamestown, NC"
2,36.4206581,-81.4722595,"Jefferson, NC"
1,38.279129,-85.7374725,"Jeffersonville, IN"
3,40.0943413,-75.1261292,"Jenkintown, PA"
3,40.7174797,-74.0438538,"Jersey City, NJ"
1,39.1552086,-76.798851,"Jessup, MD"
3,36.3200798,-82.3452835,"Johnson City, TN"
4,58.2997284,-134.4067841,"Juneau, AK"
1,26.9327602,-80.1018906,"Jupiter, FL"
1,20.8907509,-156.4671326,"Kahului, HI"
1,21.4214001,-157.803833,"Kaneohe, HI"
5,39.102951,-94.5830765,"Kansas City, MO"
2,29.7674007,-95.8287964,"Katy, TX"
1,42.9332008,-72.2815018,"Keene, NH"
3,38.9769516,-122.8339081,"Kelseyville, CA"
1,42.9623909,-78.8787079,"Kenmore, NY"
2,34.0234413,-84.6167603,"Kennesaw, GA"
3,39.844167,-75.710556,"Kennett Square, PA"
1,42.5880699,-87.8236465,"Kenosha, WI"
1,41.7266998,-73.4726715,"Kent, CT"
2,41.1509285,-81.358223,"Kent, OH"
1,38.9298363,-77.1004791,"Kent, DC"
4,38.0234489,-78.3593903,"Keswick, VA"
1,43.6826286,-114.3637314,"Ketchum, ID"
2,25.1322041,-80.4117126,"Key Largo, FL"
1,36.5477982,-82.5604172,"Kingsport, TN"
2,41.9267082,-73.9964981,"Kingston, NY"
1,40.9974213,-74.3772964,"Kinnelon, NJ"
1,35.2686882,-77.5818024,"Kinston, NC"
1,42.2238808,-121.7820587,"Klamath Falls, OR"
12,35.9604912,-83.9209137,"Knoxville, TN"
1,40.5185089,-75.7764893,"Kutztown, PA"
1,32.8370476,-117.2553864,"La Jolla, CA"
1,33.9082718,-118.0117264,"La Mirada, CA"
1,33.6781387,-116.2953796,"La Quinta, CA"
1,33.0414085,-85.0310822,"LaGrange, GA"
2,29.9060192,-96.8769836,"Lagrange, TX"
1,38.0167389,-77.5194092,"Ladysmith, VA"
1,30.2203197,-92.0170517,"Lafayette, LA"
2,33.5453606,-117.7815323,"Laguna Beach, CA"
1,33.6017494,-117.6903381,"Laguna Hills, CA"
1,33.6276398,-117.7170715,"Lake Forest, CA"
1,43.6079483,-73.5740433,"Lake George, NY"
1,45.4197388,-122.6676178,"Lake Oswego, OR"
1,38.6879616,-77.2982101,"Lake Ridge, VA"
1,35.1078415,-81.0423431,"Lake Wylie, SC"
3,28.0441895,-81.9478607,"Lakeland, FL"
1,32.853981,-116.9045334,"Lakeside, CA"
1,41.9642487,-73.4405136,"Lakeville, CT"
2,39.7109184,-105.0820694,"Lakewood, CO"
1,40.0932503,-74.2135773,"Lakewood, NJ"
2,37.6191788,-84.5787277,"Lancaster, KY"
9,40.0237312,-76.3317184,"Lancaster, PA"
2,37.7016907,-76.4202118,Lancaster
1,38.9314308,-76.8901596,"Landover, MD"
2,40.1763916,-74.9188766,"Langhorne, PA"
1,43.0286903,-83.3228226,"Lapeer, MI"
2,27.9160404,-82.790863,"Largo, FL"
1,38.8795395,-76.8264771,"Largo, MD"
2,32.3069,-106.7778473,"Las Cruces, NM"
10,36.1719093,-115.1399689,"Las Vegas, NV"
1,35.5956802,-105.2162781,"Las Vegas, NM"
1,36.7185402,-80.5116272,"Laurel Fork, VA"
4,39.1049118,-76.8666382,"Laurel, MD"
3,34.7743416,-79.4633636,"Laurinburg, NC"
2,38.9730606,-95.2365265,"Lawrence, KS"
2,33.9525795,-83.987999,"Lawrenceville, GA"
1,40.2986107,-74.7287369,"Lawrenceville, NJ"
1,41.0659294,-111.9610214,"Layton, UT"
1,29.50247,-95.0945511,"League City, TX"
1,47.5972099,-120.6594696,"Leavenworth, WA"
1,38.9165802,-94.6412964,"Leawood, KS"
1,40.6408501,-74.8375092,"Lebanon, NJ"
1,40.3301888,-76.4259262,"Lebanon, PA"
1,28.8496609,-82.4878082,"Lecanto, FL"
24,39.1156693,-77.5653,"Leesburg, VA"
1,34.2373695,-78.0093613,"Leland, NC"
1,40.2464294,-76.8945999,"Lemoyne, PA"
1,38.9609909,-94.7405701,"Lenexa, KS"
1,35.915329,-81.5400925,"Lenoir, NC"
2,40.9611282,-76.8906403,"Lewisburg, PA"
3,37.8021202,-80.4461365,"Lewisburg, WV"
1,38.2656403,-76.4527512,"Lexington Park, MD"
13,38.0485916,-84.5003204,"Lexington, KY"
3,42.4463196,-71.2237396,"Lexington, MA"
1,35.8262405,-80.2507172,"Lexington, NC"
16,37.7854805,-79.4414673,"Lexington, VA"
1,40.2427483,-79.2382202,"Ligonier, PA"
1,21.9748898,-159.3685913,"Lihue, HI"
1,30.4141293,-87.4483109,"Lillian, AL"
1,44.9298706,-124.0173187,"Lincoln City, OR"
1,42.4141197,-71.3256302,"Lincoln, MA"
1,40.8136215,-96.7077408,"Lincoln, NE"
1,40.6319885,-74.2552032,"Linden, NJ"
1,39.2014809,-76.6599884,"Linthicum Heights, MD"
3,34.7486496,-92.2744904,"Little Rock, AR"
1,40.3400612,-74.0431137,"Little Silver, NJ"
1,39.6169014,-105.0145187,"Littleton, CO"
1,44.3070984,-71.7748718,"Littleton, NH"
1,38.6536942,-77.4933014,"Locust Hill, VA"
1,41.7361794,-111.8348465,"Logan, UT"
5,33.7667198,-118.1923981,"Long Beach, CA"
2,40.8797836,-72.9124222,"Long Island, NY"
2,40.1639404,-105.100502,"Longmont, CO"
1,32.5161896,-94.7638016,"Longview, TX"
1,34.8572998,-85.4393997,"Lookout Mountain, GA"
2,38.7042809,-77.2068481,"Lorton, VA"
1,37.3830795,-122.1142273,"Los Altos, CA"
87,34.0534897,-118.2453232,"Los Angeles, CA"
1,34.8116302,-106.742569,"Los Lunas, NM"
4,39.0907211,-77.6357269,"Loudoun, VA"
5,37.9782295,-77.9629898,"Louisa, VA"
14,38.2548599,-85.7664032,"Louisville, KY"
1,39.2545013,-84.2469025,"Loveland, OH"
1,39.2735901,-77.638298,"Lovettsville, VA"
5,37.7635689,-78.8704605,"Lovingston, VA"
1,42.6458817,-71.3128433,"Lowell, MA"
1,40.1892319,-75.2254562,"Lower Gwynedd, PA"
1,37.7176018,-79.0637589,"Lowesville, VA"
2,48.7202911,-122.6831284,"Lummi Island, WA"
8,38.6655197,-78.4593964,"Luray, VA"
35,37.4140205,-79.1428375,"Lynchburg, VA"
1,44.776989,-122.6162186,"Lyons, OR"
1,44.7142181,-67.4599762,"Machias, ME"
2,37.402401,-75.9060822,"Machipongo, VA"
1,40.4598885,-90.6694794,"Macomb, IL"
3,32.8396797,-83.6275787,"Macon, GA"
1,34.7058792,-86.7509537,"Madison, AL"
1,34.7058792,-86.7509537,"Madison, AL"
1,38.7363281,-85.3805389,"Madison, IN"
1,32.4631004,-90.118988,"Madison, MS"
8,38.4137192,-78.2791977,Madison
9,43.042469,-89.4039688,"Madison, WI"
1,30.2108707,-95.7545013,"Magnolia, TX"
2,34.0365181,-118.6879578,"Malibu, CA"
1,40.0369186,-75.510437,"Malvern, PA"
1,40.9488907,-73.7356873,"Mamaroneck, NY"
3,37.6713295,-77.6886826,"Manakin Sabot, VA"
1,40.1236115,-74.0469284,"Manasquan, NJ"
17,38.7512207,-77.4711075,"Manassas, VA"
1,42.991169,-71.463089,"Manchester, NH"
2,43.1629906,-73.0720825,"Manchester, VT"
1,42.5776215,-70.7694702,"Manchester, MA"
1,30.3724995,-90.0791092,"Mandeville, LA"
1,33.8871498,-118.4108429,"Manhattan Beach, CA"
1,39.1788101,-96.5618362,"Manhattan, KS"
1,44.1674004,-94.0024109,"Mankato, MN"
2,35.9109993,-75.6701584,"Manteo, NC"
1,40.7311516,-74.2769165,"Maplewood, NJ"
1,24.7274704,-81.0428238,"Marathon, FL"
1,34.4328995,-84.3397522,"Marblehill, GA"
2,42.4973297,-70.8614273,"Marblehead, MA"
1,42.1484108,-74.6484299,"Margaretville, NY"
6,33.9531898,-84.5458832,"Marietta, GA"
1,33.9852791,-118.4524231,"Marina del Rey, CA"
2,36.8339806,-81.5173416,"Marion, VA"
2,42.3468018,-71.5479889,"Marlborough, MA"
1,40.3142204,-74.2486267,"Marlboro, NJ"
2,39.8923302,-74.9190521,"Marlton, NJ"
1,38.8650703,-77.8498306,"Marshall, VA"
1,41.6551704,-70.4122162,"Marstons Mills, MA"
2,39.4563713,-77.9645615,"Martinsburg, WV"
6,36.6899605,-79.8688126,"Martinsville, VA"
1,40.2352982,-83.3664169,"Marysville, OH"
1,42.7434311,-71.768959,"Mason, NH"
1,39.3569717,-84.2976227,"Mason, OH"
1,40.4099503,-74.2321091,"Matawan, NJ"
2,36.9712982,-80.9501419,"Max Meadows, VA"
1,26.2074203,-98.2293625,"McAllen, TX"
1,44.9109993,-116.0981369,"McCall, ID"
1,38.3730507,-78.730423,"McGaheysville, VA"
1,40.0397987,-74.5817032,"McGuire AFB, NJ"
60,38.9365196,-77.1842804,"McLean, VA"
1,45.2089386,-123.1991272,"McMinnville, OR"
4,40.2131996,-77.0083389,"Mechanicsburg, PA"
8,37.6127014,-77.3784637,"Mechanicsville, VA"
1,39.9006386,-74.8235016,"Medford, NJ"
4,39.9179688,-75.3898087,"Media, PA"
1,41.1403198,-81.8640213,"Medina, OH"
5,28.0794296,-80.6071777,"Melbourne, FL"
1,44.4361343,-100.2305298,South Dakota
30,35.1497612,-90.0492477,"Memphis, TN"
1,44.2002907,-88.4506683,"Menasha, WI"
2,40.7942085,-74.56987,"Mendham Township, NJ"
6,37.4553185,-122.1785583,"Menlo Park, CA"
1,41.6979904,-81.3372726,"Mentor, OH"
1,38.8735886,-77.2347183,"Merrifield, VA"
1,33.4170418,-111.831459,"Mesa, AZ"
1,32.78339,-96.6020813,"Mesquite, TX"
1,29.9880505,-90.1310196,"Metairie, LA"
1,40.5441589,-74.3630295,"Metuchen, NJ"
3,25.7933502,-80.1349106,"Miami Beach, FL"
24,25.7748108,-80.197731,"Miami, FL"
6,38.9695015,-77.7365723,"Middleburg, VA"
1,41.5277214,-73.1216125,"Middlebury, CT"
1,44.0149918,-73.1671066,"Middlebury, VT"
1,41.5626602,-72.6498413,"Middletown, CT"
1,41.5205383,-71.2875977,"Middletown, RI"
1,39.0335388,-78.2725677,"Middletown, VA"
1,43.6170807,-84.2450638,"Midland, MI"
1,32.0005913,-102.0744476,"Midland, TX"
2,38.5970612,-77.7230606,"Midland, VA"
9,37.50354,-77.6512604,"Midlothian, VA"
3,41.2255096,-73.0570679,"Milford, CT"
1,42.8354988,-71.6484375,"Milford, NH"
2,37.9777718,-79.6013565,"Millboro, VA"
1,41.7863007,-73.6930008,"Millbrook, NY"
1,40.7244606,-74.3047333,"Millburn, NJ"
2,33.0814095,-83.2262115,"Milledgeville, GA"
1,37.8283348,-76.9449997,"Miller's Tavern, VA"
1,39.1048088,-76.6278305,"Millersville, MD"
1,39.3953781,-75.0377502,"Millville, NJ"
1,39.0694885,-78.0381165,"Millwood, VA"
1,37.4328308,-121.8971329,"Milpitas, CA"
7,43.0418091,-87.9068375,"Milwaukee, WI"
1,38.9549789,-119.7657089,"Minden, NV"
2,40.7486992,-73.6424789,"Mineola, NY"
1,38.0107307,-77.907959,"Mineral, VA"
26,44.9790306,-93.2649307,"Minneapolis, MN"
2,44.9400597,-93.4673233,"Minnetonka, MN"
1,39.0191917,-94.6537399,"Mission, KS"
9,30.6863899,-88.0532379,"Mobile, AL"
1,41.4917297,-90.4898911,"Moline, IL"
1,33.1964912,-80.0126877,"Moncks Corner, SC"
1,37.1832314,-79.6191711,"Moneta, VA"
1,41.1148415,-74.6334534,"Monroe, NJ"
5,40.8174019,-74.2161484,"Montclair, NJ"
1,38.6113892,-77.340477,"Montclair, VA"
1,36.5975914,-121.8967667,"Monterey, CA"
4,32.3801193,-86.3006287,"Montgomery, AL"
1,40.2507095,-75.246109,"Montgomeryville, PA"
1,44.2602882,-72.5762634,"Montpelier, VT"
2,39.9638596,-74.949852,"Moorestown Township, NJ"
1,35.5825195,-80.8146896,"Mooresville, NC"
1,37.8534698,-122.1272812,"Moraga, CA"
1,35.7467995,-81.6858597,"Morganton, NC"
1,39.6303711,-79.9578476,"Morgantown, WV"
1,40.3723984,-74.2459564,"Morganville, NJ"
5,40.7930107,-74.4771271,"Morristown, NJ"
2,36.4990501,-80.6068802,"Mount Airy, NC"
1,40.1106491,-76.5073776,"Mt. Joy, PA"
1,41.2067413,-73.7266464,"Mount Kisco, NY"
2,39.9389305,-74.8858795,"Mt Laurel Township, NJ"
2,40.8864517,-74.4523468,"Mountain Lakes, NJ"
9,37.3896713,-122.0815964,"Mountain View, CA"
1,35.2966194,-81.016243,"Mount Holly, NC"
1,32.801281,-79.8894501,"Mount Pleasant, SC"
1,42.8588905,-88.3293304,"Mukwonago, WI"
2,40.6621094,-111.8883209,"Murray, UT"
1,40.4272614,-79.6969528,"Murrysville, PA"
4,33.6935616,-78.8826599,"Myrtle Beach, SC"
1,35.9783897,-75.6359863,"Nags Head, NC"
2,43.5826111,-116.5696335,"Nampa, ID"
3,41.2781563,-70.076149,"Nantucket Island, MA"
4,38.2988586,-122.2852173,"Napa, CA"
2,41.7495499,-88.1640549,"Naperville, IL"
5,26.1390896,-81.7957916,"Naples, FL"
1,40.005291,-75.2644196,"Narberth, PA"
1,37.3306808,-80.8119278,"Narrows, VA"
3,42.7586212,-71.4643326,"Nashua, NH"
1,35.9743309,-77.9649506,"Nashville, NC"
30,36.1678391,-86.7781601,"Nashville, TN"
3,37.47435,-75.8590164,"Nassawadox, VA"
2,31.7609501,-93.0869827,"Natchitoches, LA"
1,42.2840004,-71.3461685,"Natick, MA"
1,40.7387695,-75.3095398,"Nazareth, PA"
3,42.281311,-71.2360535,"Needham, MA"
2,44.1672401,-88.5125122,"Neenah, WI"
1,37.8873291,-78.8808365,"Nellysford, VA"
2,37.7873917,-78.8867493,"Nelson County, VA"
1,40.8409195,-73.1401367,"Nesconset, NY"
1,39.2627411,-121.0191574,"Nevada City, CA"
1,40.0813103,-82.8088531,"New Albany, OH"
2,35.1084518,-77.0420685,"New Bern, NC"
1,29.6988697,-98.1209412,"New Braunfels, TX"
1,41.6677208,-72.7821503,"New Britain, CT"
4,40.4947701,-74.4438095,"New Brunswick, NJ"
2,41.1459084,-73.4917908,"New Canaan, CT"
11,41.307621,-72.9246216,"New Haven, CT"
1,34.9094582,-86.4277878,"New Market, AL"
1,39.3827896,-77.2723236,"New Market, MD"
2,38.6472397,-78.6721268,"New Market, VA"
2,41.5774803,-73.410408,"New Milford, CT"
22,29.9536991,-90.0777512,"New Orleans, LA"
2,37.3457909,-76.280571,"New Point, VA"
2,40.9197006,-73.7867966,"New Rochelle, NY"
1,29.0271606,-80.923027,"New Smyrna Beach, FL"
344,40.7820015,-73.8317032,"New York, NY"
3,39.678009,-75.7618103,"Newark, DE"
4,40.7319717,-74.1742096,"Newark, NJ"
1,34.2897987,-81.6001434,Newberry
1,42.8120384,-70.872963,"Newburyport, MA"
1,47.5376511,-122.1654129,"Newcastle, WA"
2,34.3729324,-118.5397949,"Newhall, CA"
1,36.0849609,-81.9283371,"Newland, NC"
1,43.0786285,-70.936409,"Newmarket, NH"
5,33.6168289,-117.9303436,"Newport Beach, CA"
30,37.0828781,-76.4802322,"Newport News, VA"
2,41.4921608,-71.3113327,"Newport, RI"
3,42.3305092,-71.1994934,"Newton, MA"
1,41.4118805,-73.307663,"Newtown, CT"
1,40.1723518,-77.4003983,"Newville, PA"
1,37.8867912,-84.5703506,"Nicholasville, KY"
1,42.0261993,-87.8006821,"Niles, IL"
2,31.3378296,-110.9400635,"Nogales, AZ"
1,33.9428101,-84.2109528,"Norcross, GA"
77,36.8468208,-76.2850571,"Norfolk, VA"
1,35.2207603,-97.4466019,"Norman, OK"
1,33.4957809,-81.9700775,"North Augusta, SC"
1,40.8755493,-81.4020615,"North Canton, OH"
1,32.8767204,-80.0092773,"North Charleston, SC"
1,42.2161407,-79.8341217,"North East, PA"
1,37.9397812,-78.6374207,"North Garden, VA"
1,44.1289597,-68.8754807,"North Haven, ME"
1,41.7858582,-111.8337708,"North Logan, UT"
2,26.8132401,-80.0571365,"North Palm Beach, FL"
1,36.9358711,-82.6235123,"Norton, VA"
2,41.1136589,-73.4076538,"Norwalk, CT"
2,41.5489388,-72.0952911,"Norwich, CT"
2,42.1958313,-71.1997833,"Norwood, MA"
1,40.9937897,-73.9494324,"Norwood, NJ"
1,38.1060715,-122.5678864,"Novato, CA"
2,40.8199501,-74.1589813,"Nutley, NJ"
2,41.0912704,-73.9181595,"Nyack, NY"
2,41.8324814,-87.9459,"Oak Brook, IL"
1,48.2904396,-122.6475906,"Oak Harbor, WA"
2,37.9725304,-81.1489563,"Oak Hill, WV"
3,41.8800011,-87.7789078,"Oak Park, IL"
2,36.0145302,-84.2565384,"Oak Ridge, TN"
1,33.9089813,-78.1087494,"Oak Island, NC"
1,41.854229,-87.9651413,"Oakbrook Terrace, IL"
9,37.8050804,-122.2730713,"Oakland, CA"
8,38.8807793,-77.3013763,"Oakton, VA"
3,38.3349991,-75.0843582,"Ocean City, MD"
1,30.4162807,-88.8081436,"Ocean Springs, MS"
1,39.8533096,-74.2392426,"Ocean, NJ"
1,35.6232491,-95.975853,"Okmulgee, OK"
1,42.0979118,-78.3958435,"Olean, NY"
2,47.0392303,-122.8913574,"Olympia, WA"
4,41.2606888,-95.9405899,"Omaha, NE"
11,38.2462807,-78.013443,"Orange, VA"
1,33.6543999,-117.788208,"Orange, CA"
21,28.5382309,-81.377388,"Orlando, FL"
1,38.98489,-94.6716766,"Overland Park, KS"
1,28.6525097,-81.2028198,"Oviedo, FL"
1,39.41605,-76.7753906,"Owings Mills, MD"
1,39.41605,-76.7753906,"Owings Mills, MD"
1,36.3119888,-78.5882034,"Oxford, NC"
1,39.5104904,-84.7427521,"Oxford, OH"
1,40.8723488,-73.5336914,"Oyster Bay, NY"
1,36.6193314,-121.9185867,"Pacific Grove, CA"
1,37.0857086,-88.5958481,"Paducah, KY"
3,26.7028809,-80.0366135,"Palm Beach, FL"
1,27.1695194,-80.2693634,"Palm City, FL"
3,37.8612099,-78.2636337,"Palmyra, VA"
8,37.4446602,-122.1607895,"Palo Alto, CA"
1,37.2633209,-78.680603,"Pamplin City, VA"
1,30.1916409,-85.832489,"Panama City Beach, FL"
2,30.1598701,-85.6603317,"Panama City, FL"
2,34.1498795,-114.2888031,"Parker, AZ"
2,39.5180397,-104.7543564,"Parker, CO"
1,39.2634315,-81.5582962,"Parkersburg, WV"
1,37.7822113,-75.6539993,"Parksley, VA"
2,40.871521,-74.4219589,"Parsippany-Troy Hills Township, NJ"
6,34.1474495,-118.1442719,"Pasadena, CA"
1,39.1096687,-76.5732727,"Pasadena, MD"
1,30.3245106,-89.2179489,"Pass Christian, MS"
1,44.438549,-74.2527695,"Paul Smiths, NY"
2,41.5625687,-73.6009216,"Pawling, NY"
1,41.8792191,-71.3824768,"Pawtucket, RI"
1,41.0594788,-74.0243073,"Pearl River, NY"
1,40.9114418,-73.8096085,"Pelham, NY"
1,34.6529312,-82.7842407,"Pendleton, SC"
1,38.3880806,-78.8044281,"Penn Laird, VA"
1,36.7608795,-83.0222473,"Pennington Gap, VA"
2,40.3306198,-74.7917328,"Pennington, NJ"
6,30.4208393,-87.2172394,"Pensacola, FL"
1,40.6921387,-89.5877609,"Peoria, IL"
2,38.2324715,-122.6444397,"Petaluma, CA"
3,42.8761292,-71.9509811,"Peterborough, NH"
6,37.2281494,-77.4034805,"Petersburg, VA"
78,39.9522781,-75.1624527,"Philadelphia, PA"
25,33.4482498,-112.075798,"Phoenix, AZ"
2,39.8840408,-82.7534332,"Pickerington, OH"
1,41.0403595,-73.9161835,"Piermont, NY"
1,35.7885895,-83.5559006,"Pigeon Forge, TN"
1,35.1912994,-79.4719772,"Pinehurst, NC"
2,40.5392494,-74.471489,"Piscataway Township, NJ"
38,40.4383392,-79.997467,"Pittsburgh, PA"
2,42.4473801,-73.2542191,"Pittsfield, MA"
1,33.8711205,-117.8613968,"Placentia, CA"
1,40.1079712,-83.2678909,"Plain City, OH"
1,32.0368195,-84.388298,"Plains, GA"
4,33.0207901,-96.6992493,"Plano, TX"
1,28.0173092,-82.1253891,"Plant City, FL"
1,40.1028404,-75.2746201,"Plymouth Meeting, PA"
1,41.1022491,-75.5189285,"Pocono Lake, PA"
1,44.0288315,-70.3586807,"Poland Spring, ME"
1,26.2314491,-80.1252213,"Pompano Beach, FL"
2,30.2257595,-81.3859711,"Ponte Vedra, FL"
2,30.2257595,-81.3859711,"Ponte Vedra, FL"
1,40.9460182,-73.0710373,"Port Jefferson, NY"
2,40.8323784,-73.7008667,"Port Washington, NY"
8,43.6591415,-70.2566528,"Portland, ME"
28,45.5117912,-122.6756287,"Portland, OR"
2,43.0706215,-70.7721176,"Portsmouth, NH"
10,36.8326416,-76.2977066,"Portsmouth, VA"
2,39.055687,-77.4065704,"Potomac Falls, VA"
6,39.0178795,-77.2087097,"Potomac, MD"
1,40.2464485,-75.6480484,"Pottstown, PA"
2,40.6854591,-76.1953888,"Pottsville, PA"
2,41.7067108,-73.9293671,"Poughkeepsie, NY"
1,37.1233711,-82.6009979,"Pound, VA"
1,40.15765,-83.0764389,"Powell, OH"
2,37.5501518,-77.9151764,Powhatan
1,38.9870682,-94.6303329,"Prairie Village, KS"
1,34.54142,-112.4687271,"Prescott, AZ"
11,40.3603096,-74.6642838,"Princeton, NJ"
1,37.3664093,-81.1042175,"Princeton, WV"
7,41.8238716,-71.4119873,"Providence, RI"
3,40.2336998,-111.6685028,"Provo, UT"
1,40.9436798,-78.9705124,"Punxsutawney, PA"
6,39.1366692,-77.7137604,"Purcellville, VA"
1,41.036869,-73.7129593,"Purchase, NY"
2,36.1816216,-81.2845917,"Purlear, NC"
1,38.5220604,-77.2908478,"Quantico, VA"
1,40.7140007,-73.8299866,"Queens, NY"
1,43.3319588,-73.6774902,"Queensbury, NY"
1,42.2522812,-71.004158,"Quincy, MA"
2,37.1206894,-80.5899582,"Radford, VA"
58,35.785511,-78.6426697,"Raleigh, NC"
1,41.0582886,-74.1439819,"Ramsey, NJ"
1,33.7452583,-118.4037781,"Rancho Palos Verdes, CA"
2,40.3366203,-75.9278412,"Reading, PA"
2,40.3492012,-74.070137,"Red Bank, NJ"
1,47.6785812,-122.1315765,"Redmond, WA"
1,33.8444519,-118.3879395,"Redondo Beach, CA"
9,37.4845009,-122.2277222,"Redwood City, CA"
2,37.5295792,-122.2673035,"Redwood Shores, CA"
2,39.5273819,-119.8134384,"Reno, NV"
3,35.9083099,-78.8622818,"Research Triangle Park, NC"
49,38.9596786,-77.354538,"Reston, VA"
1,43.8260689,-111.7830887,"Rexburg, ID"
1,41.9269905,-73.9107666,"Rhinebeck, NY"
3,32.97155,-96.7090912,"Richardson, TX"
1,46.2739105,-119.2737198,"Richland, WA"
1,37.0943489,-81.8030167,"Richlands, VA"
1,37.937809,-122.3427124,"Richmond, CA"
1,41.92173,-111.8143768,"Richmond, UT"
415,37.540699,-77.4336472,"Richmond, VA"
1,35.6224785,-117.6688614,"Ridgecrest, CA"
2,32.4275589,-90.141098,"Ridgeland, MS"
1,36.5772209,-79.8583603,"Ridgeway, VA"
4,40.9819717,-74.1125793,"Ridgewood, NJ"
1,34.7580185,-85.5313416,"Rising Fawn, GA"
1,37.8598099,-82.7267303,"River, KY"
2,38.9634018,-76.9316025,"Riverdale Park, MD"
1,40.9183006,-72.6685104,"Riverhead, NY"
1,26.7834892,-80.0640106,"Riviera Beach, FL"
58,37.2715187,-79.9405289,"Roanoke, VA"
14,43.1557999,-77.6163177,"Rochester, NY"
2,34.9240189,-81.02668,"Rock Hill, SC"
1,40.9118805,-74.5277176,"Rockaway, NJ"
1,42.2668991,-89.0783463,"Rockford, IL"
1,43.052269,-92.9461517,"Rockford, IA"
1,38.7900696,-121.2343979,"Rocklin, CA"
1,40.6593094,-73.6454697,"Rockville Centre, NY"
26,39.0816612,-77.1512375,"Rockville, MD"
2,35.9339981,-77.7712021,"Rocky Mount, NC"
1,36.9950409,-79.8892822,"Rocky Mount, VA"
1,39.3421288,-78.7570801,"Romney, WV"
1,43.2321091,-100.8531418,"Rosebud, SD"
2,34.080719,-118.0765381,"Rosemead, CA"
1,45.8640709,-96.7299881,"Rosholt, SD"
1,37.9627113,-122.5559387,"Ross, CA"
1,41.6084785,-83.5609665,"Rossford, OH"
2,38.8951492,-77.0744019,"Rosslyn, VA"
4,34.0216599,-84.3602982,"Roswell, GA"
1,39.1349602,-77.7689438,"Round Hill, VA"
2,36.3978386,-78.9829102,"Roxboro, NC"
1,42.4881516,-83.1424408,"Royal Oak, MI"
3,40.1840096,-75.5405807,"Royersford, PA"
1,37.9348793,-77.4732437,"Ruther Glen, VA"
5,38.44907,-121.3437881,Sacramento
1,43.4191818,-83.9466705,"Saginaw, MI"
4,38.6277504,-90.1995621,"St Louis, MO"
1,44.943821,-93.0933228,"St Paul, MN"
6,44.9332619,-123.043808,"Salem, OR"
6,37.2936516,-80.0531387,"Salem, VA"
1,38.8405418,-97.6097031,"Salina, KS"
3,36.6708794,-121.6548233,"Salinas, CA"
4,38.3657303,-75.5953217,"Salisbury, MD"
2,35.6669312,-80.4693527,"Salisbury, NC"
14,40.7603111,-111.8882217,"Salt Lake City, UT"
10,29.4245796,-98.4946136,"San Antonio, TX"
1,37.6249199,-122.4141388,"San Bruno, CA"
1,37.5045013,-122.262291,"San Carlos, CA"
1,33.4286194,-117.6073303,"San Clemente, CA"
32,32.7156906,-117.1617203,"San Diego, CA"
91,37.7771187,-122.4196396,"San Francisco, CA"
11,37.3385811,-121.8855667,"San Jose, CA"
1,33.4978905,-117.66539,"San Juan Capistrano, CA"
1,33.1408615,-117.1588211,"San Marcos, CA"
4,37.5470314,-122.314827,"San Mateo, CA"
1,37.9745712,-122.5324707,"San Rafael, CA"
1,37.7794914,-121.9690399,"San Ramon, CA"
2,37.5229111,-77.3129807,"Sandston, VA"
1,33.9248314,-84.3790817,"Sandy Springs, GA"
1,40.5701294,-111.8954697,"Sandy, UT"
4,33.7495804,-117.8742981,"Santa Ana, CA"
9,34.4193802,-119.6990509,"Santa Barbara, CA"
3,37.3557396,-121.9549866,"Santa Clara, CA"
3,36.9740181,-122.0309525,"Santa Cruz, CA"
5,35.6916809,-105.9379578,"Santa Fe, NM"
9,34.0115585,-118.4922867,"Santa Monica, CA"
6,27.3388805,-82.5396271,"Sarasota, FL"
2,43.0839005,-73.7845001,"Saratoga Springs, NY"
1,42.4653206,-71.009697,"Saugus, MA"
8,32.0809097,-81.0911865,"Savannah, GA"
3,40.9882317,-73.7968063,"Scarsdale, NY"
1,42.0260086,-88.0655289,"Schaumburg, IL"
3,42.8122482,-73.9410172,"Schenectady, NY"
1,37.7927513,-78.6994019,"Schuyler, VA"
1,37.0497818,-122.0185165,"Scotts Valley, CA"
1,34.6852112,-86.0946198,"Scottsboro, AL"
6,33.4939995,-111.9206924,"Scottsdale, AZ"
1,37.7975998,-78.4873962,"Scottsville, VA"
1,30.3176098,-86.1291504,"Seagrove Beach, FL"
62,47.603569,-122.3294525,"Seattle, WA"
1,38.401741,-122.8252487,"Sebastopol, CA"
1,27.4959698,-81.4407883,"Sebring, FL"
1,48.5087318,-122.2385712,"Sedro-Woolley, WA"
1,40.3624687,-75.3097382,"Sellersville, PA"
1,39.0740814,-76.543869,"Severna Park, MD"
1,40.5381088,-80.180191,"Sewickley, PA"
1,41.4701118,-81.5650024,"Shaker Heights, OH"
1,35.4830208,-86.4599915,"Shelbyville, TN"
1,39.4305801,-77.8050308,"Shepherdstown, WV"
1,45.0967293,-123.3953934,"Sheridan, OR"
1,44.7976913,-106.9558716,"Sheridan, WY"
2,34.1503868,-118.4418106,"Sherman Oaks, CA"
1,40.0416985,-77.5382996,"Shippensburg, PA"
1,40.8006287,-72.8721924,"Shirley, NY"
2,40.7463493,-74.3291397,"Short Hills, NJ"
3,32.5146103,-93.7472687,"Shreveport, LA"
1,39.7947502,-76.6785126,"Shrewsbury, PA"
1,35.1222687,-85.3453217,"Signal Mountain, TN"
27,38.9966812,-77.0288696,"Silver Spring, MD"
1,47.6514893,-122.6929932,"Silverdale, WA"
1,34.7383308,-82.2556,"Simpsonville, SC"
2,41.8798409,-72.8001709,"Simsbury, CT"
1,43.5453491,-96.7312775,"Sioux Falls, SD"
1,40.428669,-74.6993713,"Skillman, NJ"
1,42.0263405,-87.7556763,"Skokie, IL"
1,38.4203796,-80.0446167,"Slatyfork, WV"
1,36.9813385,-76.6339264,"Smithfield, VA"
1,30.0086803,-97.1600494,"Smithville, TX"
1,38.4198418,-79.9971237,"Snowshoe, WV"
1,32.9873505,-117.2706909,"Solana Beach, CA"
2,41.3871193,-81.4344025,"Solon, OH"
2,37.093399,-84.6008377,"Somerset, KY"
1,40.4983292,-74.5229721,"Somerset, NJ"
1,37.9832916,-120.3821869,"Sonora, CA"
1,40.3131294,-75.3293228,"Souderton, PA"
4,41.6790504,-86.2540436,"South Bend, IN"
4,36.6988602,-78.9013214,"South Boston, VA"
1,38.3666801,-81.6936569,"South Charleston, WV"
1,42.4676399,-72.5919724,"South Deerfield, MA"
1,36.7267418,-78.1299133,"South Hill, VA"
1,40.7473412,-74.2582626,"South Orange, NJ"
1,34.115799,-118.1521301,"South Pasadena, CA"
1,38.9199791,-77.5051193,"South Riding, VA"
2,37.6560593,-122.4141769,"South San Francisco, CA"
1,41.233799,-76.9942093,"South Williamsport, PA"
1,42.3057594,-71.5319366,"Southborough, MA"
2,42.4817505,-83.2409286,"Southfield, MI"
2,32.9544373,-97.1501617,"Southlake, TX"
2,41.1335793,-73.2818985,"Southport, CT"
1,39.5408211,-76.6490021,"Sparks, MD"
5,34.9482498,-81.9348679,"Spartanburg, SC"
1,38.6562805,-78.2247696,"Sperryville, VA"
1,38.185379,-77.656723,Spotsylvania
1,35.1724586,-78.9757385,"Spring Lake, NC"
1,39.8010483,-89.6436005,"Springfield, IL"
1,37.2089691,-93.2915573,"Springfield, MO"
16,38.7790413,-77.1916504,"Springfield, VA"
1,44.8122482,-73.1138,"St Albans, VT"
2,29.8920994,-81.31427,"St Augustine, FL"
1,37.1090698,-113.5832977,"St George, UT"
26,38.6277504,-90.1995621,"St Louis, MO"
3,44.943821,-93.0933228,"St Paul, MN"
1,36.9006996,-82.3161011,"St Paul, VA"
2,27.7455006,-82.7504196,"St Pete Beach, FL"
4,27.7711906,-82.6387634,"St Petersburg, FL"
1,31.13521,-81.39077,"St Simons Island, GA"
2,38.4206886,-77.4572678,Stafford
4,38.4228783,-77.4081726,"Stafford, VA"
13,41.0518188,-73.5422287,"Stamford, CT"
1,38.2973709,-78.4406433,"Stanardsville, VA"
1,37.4296303,-122.164772,"Stanford, CA"
1,36.7431488,-79.9617996,"Stanleytown, VA"
2,40.7937317,-77.8607025,"State College, PA"
2,40.6424408,-74.0752792,"Staten Island, NY"
2,32.4489098,-81.7833328,"Statesboro, GA"
14,38.1500092,-79.0727234,"Staunton, VA"
2,40.4878502,-106.8363876,"Steamboat Springs, CO"
14,39.0076828,-77.3928528,"Sterling, VA"
1,38.9830208,-76.3126221,"Stevensville, MD"
2,37.9536705,-121.2907486,"Stockton, CA"
1,33.4225807,-90.9173584,"Stoneville, MS"
1,40.9128304,-73.1399231,"Stony Brook, NY"
1,41.8084793,-72.249939,"Storrs, CT"
1,38.9890518,-78.3586502,"Strasburg, VA"
1,41.1985588,-73.1335526,"Stratford, CT"
1,40.9852409,-75.1944885,"Stroudsburg, PA"
4,27.1999893,-80.2553635,"Stuart, FL"
2,44.8351898,-87.3706589,"Sturgeon Bay, WI"
3,42.3853798,-71.408638,"Sudbury, MA"
1,41.1148415,-74.1495514,"Suffern, NY"
7,36.7311516,-76.5889511,"Suffolk, VA"
2,29.6329594,-95.5994492,"Sugar Land, TX"
1,38.2811317,-80.8520813,"Summersville, WV"
2,33.0038986,-80.1688004,"Summerville, SC"
2,40.7175102,-74.3621292,"Summit, NJ"
2,33.9243393,-80.3423615,"Sumter, SC"
3,37.3717117,-122.038002,"Sunnyvale, CA"
1,38.0991402,-77.1345978,"Supply, VA"
2,39.9008789,-75.3479385,"Swarthmore, PA"
1,41.2919617,-75.8795471,"Swoyersville, PA"
6,43.0499916,-76.1473923,"Syracuse, NY"
1,47.2551308,-122.4416428,"Tacoma, WA"
1,41.4065208,-75.1833267,"Tafton, PA"
3,30.4397697,-84.2806473,"Tallahassee, FL"
28,27.9465294,-82.4592667,"Tampa, FL"
2,37.9286194,-76.8612137,"Tappahannock, VA"
4,41.0800705,-73.8586502,"Tarrytown, NY"
1,37.116169,-81.5186691,"Tazewell, VA"
1,40.8868713,-74.0194931,"Teaneck, NJ"
2,37.9381599,-107.8111801,"Telluride, CO"
2,33.4255104,-111.9374237,"Tempe, AZ"
2,38.8621483,-77.7728577,"The Plains, VA"
3,30.1575203,-95.4557724,"The Woodlands, TX"
1,30.8364201,-83.9804916,"Thomasville, GA"
1,39.9958,-75.747261,"Thorndale, PA"
1,39.8692017,-104.9848175,"Thornton, CO"
1,39.9074593,-75.5313873,"Thornton, PA"
2,34.18536,-118.8927765,"Thousand Oaks, CA"
1,37.8811798,-122.4658279,"Tiburon, CA"
1,43.4486885,-73.0501709,"Tinmouth, VT"
2,41.6538086,-83.5362625,"Toledo, OH"
1,34.15308,-118.3597565,"Toluca Lake, CA"
2,39.9528809,-74.1937866,"Toms River, NJ"
1,39.0492783,-95.6711807,"Topeka, KS"
1,34.4696007,-77.4719009,"Topsail Island, NC"
1,33.8366585,-118.3416595,"Torrance, CA"
5,39.3999405,-76.6053619,"Towson, MD"
2,44.7787018,-85.6520996,"Traverse City, MI"
5,40.2178802,-74.7593994,"Trenton, NJ"
1,38.0509911,-78.0749664,"Trevilians, VA"
1,36.70224,-81.4409103,"Trout Dale, VA"
1,42.7344894,-73.6880875,"Troy, NY"
1,37.9406586,-78.2451401,"Troy, VA"
1,39.3261185,-120.2121506,"Truckee, CA"
1,45.3768997,-122.7399979,"Tualatin, OR"
11,32.22155,-110.9697571,"Tucson, AZ"
1,42.7978592,-76.1114807,"Tully, NY"
2,36.1497383,-95.9933319,"Tulsa, OK"
2,34.2574081,-88.7078323,"Tupelo, MS"
1,33.2104912,-87.5659332,"Tuscaloosa, AL"
1,33.7433205,-117.8188171,"Tustin, CA"
1,32.3474693,-95.2942963,"Tyler, TX"
1,38.9230118,-77.2262878,"Tysons Corner, VA"
1,37.588829,-122.0275116,"Union City, CA"
3,39.9020996,-79.7241821,"Uniontown, PA"
1,46.5390587,-117.0874176,"Uniontown, WA"
3,38.8185005,-76.7500687,"Upper Marlboro, MD"
1,39.5625305,-76.8354263,"Upperco, MD"
2,37.6344604,-76.5744095,"Urbanna, VA"
3,40.0996704,-75.4568176,"Valley Forge, PA"
1,45.6322098,-122.6715622,"Vancouver, WA"
2,33.991745,-118.4626083,"Venice, CA"
2,27.0994396,-82.4500122,"Venice, FL"
1,41.8681602,-72.4599609,"Vernon, CT"
5,27.6388493,-80.3942184,"Vero Beach, FL"
1,40.8319206,-74.2460709,"Verona, NJ"
1,38.2028008,-79.0076218,"Verona, VA"
1,38.485611,-75.8263779,"Vienna, MD"
34,38.9003716,-77.263649,"Vienna, VA"
1,37.2761993,-79.8998718,"Vinton, VA"
73,36.7550201,-76.0591965,"Virginia Beach, VA"
2,39.8549995,-74.9837723,"Voorhees, NJ"
1,42.651001,-73.9292068,"Voorheesville, NY"
1,31.5718193,-97.149498,"Waco, TX"
1,40.1528893,-74.0627975,"Wall Township, NJ"
1,39.8933907,-75.3657532,"Wallingford, PA"
1,34.0260811,-117.8417969,"Walnut, CA"
5,42.3764381,-71.235321,"Waltham, MA"
1,38.0505791,-79.7869263,"Warm Springs, VA"
1,40.205471,-75.1000671,"Warminster, PA"
9,38.7136192,-77.7955093,"Warrenton, VA"
1,37.9583397,-76.7571869,"Warsaw, VA"
2,41.6985893,-71.4616776,"Warwick, RI"
356,38.8903694,-77.0319595,"Washington, DC"
1,40.6362495,-74.4529572,"Watchung, NJ"
1,42.6699219,-83.3887482,"Waterford, MI"
1,42.3676109,-71.1878815,"Watertown, MA"
1,42.3620796,-87.8338699,"Waukegan, IL"
1,39.9022293,-75.4596024,"Wawa, PA"
1,40.0450516,-75.3912506,"Wayne, PA"
12,38.0654716,-78.8909836,"Waynesboro, VA"
1,37.6535416,-76.4497528,"Weems, VA"
1,35.9096107,-80.2553177,"Welcome, NC"
1,42.3186569,-71.2815475,"Wellesley HIlls, MA"
4,39.9635086,-75.5984802,"West Chester, PA"
2,41.75877,-72.7444305,"West Hartford, CT"
1,34.0906792,-118.3709335,"West Hollywood, CA"
10,26.7143898,-80.0531921,"West Palm Beach, FL"
1,37.5365715,-76.8001785,"West Point, VA"
1,44.6622391,-111.1010971,"West Yellowstone, MT"
1,42.2687988,-71.6138611,"Westborough, MA"
1,38.1360283,-105.4670792,"Westcliffe, CO"
1,41.3768806,-71.8292236,"Westerly, RI"
2,40.1257706,-82.9315414,"Westerville, OH"
1,40.6543884,-74.3454437,"Westfield, NJ"
2,34.1493607,-118.8188629,"Westlake Village, CA"
2,34.0581017,-118.2720032,"Westlake, CA"
1,39.5744781,-76.9925613,"Westminster, MD"
1,38.1127892,-76.8000183,Westmoreland
1,41.2243614,-73.3830032,"Weston, CT"
2,26.08465,-80.3711014,"Weston, FL"
1,40.534771,-74.5914612,"Weston, NJ"
8,41.1245117,-73.3719101,"Saugatuck, CT"
1,42.2271881,-71.2218399,"Westwood, MA"
3,39.0430298,-77.0510025,"Wheaton, MD"
3,40.0639801,-80.7214127,"Wheeling, WV"
4,41.0335388,-73.7641525,"White Plains, NY"
1,37.6479988,-76.3901291,"White Stone, VA"
1,44.7677307,-67.2246094,"Whiting, ME"
3,37.6869812,-97.3355789,"Wichita, KS"
1,37.814209,-76.3783493,"Wicomico Church, VA"
2,41.2427483,-75.8770905,"Wilkes-Barre, PA"
20,37.2756004,-76.7097168,"Williamsburg, VA"
1,41.2409401,-77.0014114,"Williamsport, PA"
2,42.7100906,-73.2044601,"Williamstown, MA"
1,45.1218987,-95.0432968,"Willmar, MN"
1,42.0756187,-87.7077103,"Wilmette, IL"
25,39.7402306,-75.5508423,"Wilmington, DE"
8,34.2349701,-77.9459915,"Wilmington, NC"
1,35.7216911,-77.9161377,"Wilson, NC"
1,41.1906204,-73.4272614,"Wilton, CT"
1,42.4531403,-71.134079,"Winchester, MA"
16,39.1839981,-78.1640472,"Winchester, VA"
1,28.4954605,-81.5357513,"Windermere, FL"
1,41.8517494,-72.6435089,"Windsor, CT"
1,36.0996208,-80.2410889,"Winston-Salem, NC"
15,36.0996208,-80.2410889,"Winston-Salem, NC"
4,28.5945702,-81.350708,"Winter Park, FL"
1,37.886219,-78.8972626,"Wintergreen, VA"
1,44.3931885,-89.8163681,"Wisconsin Rapids, WI"
2,36.9761314,-82.5764771,"Wise, VA"
1,39.0644302,-84.2789688,"Withamsville, OH"
1,42.4792213,-71.1506119,"Woburn, MA"
1,40.5555191,-74.276062,"Woodbridge, NJ"
14,38.6605911,-77.2478714,"Woodbridge, VA"
1,34.1661758,-118.6048813,"Woodland Hills, CA"
1,30.1575203,-95.4557724,"The Woodlands, TX"
1,37.4293098,-122.2530975,"Woodside, CA"
2,43.6253815,-72.5176392,"Woodstock, VT"
3,38.8902092,-78.4984894,"Woodstock, VA"
1,44.1426697,-72.0242691,"Woodsville, NH"
2,42.2634087,-71.8021927,"Worcester, MA"
1,40.0984612,-83.0174713,"Worthington, OH"
1,40.2644501,-74.9924698,"Wrightstown Township, PA"
1,40.0031395,-75.2692871,"Wynnewood, PA"
2,39.1181717,-75.5596924,"Wyoming, DE"
3,36.9498405,-81.0835266,"Wytheville, VA"
3,43.800869,-70.1873627,"Yarmouth, ME"
1,39.8032417,-83.8906479,"Yellow Springs, OH"
2,39.9645309,-76.7242889,"York, PA"
3,37.2352715,-76.5121231,"Yorktown, VA"
1,42.2408104,-83.6130905,"Ypsilanti, MI"
1,32.6848488,-114.6246109,"Yuma, AZ"
1,37.9716301,-78.2187271,"Zion Crossroads, VA"
2,39.9502296,-86.2621613,"Zionsville, IN"
